Date,Time,Variety,Harvest Batch ID,Employee Badge #,Variance from Target,Days in Dry,Days in Cure,Starting Weight,Ending Weight,Moisture %,Testing Temp. (C),Testing Time (Seconds),Waste Weight Reported in Metrc,extra,Issues Description
01/01/19,1:41 pm,Platinum Dosi,Platinumdosi181219,,1.31%,12,0,2.07 g,1.86 g,10.31%,120,5:23,2.07 g,,na
01/01/19,1:45 PM,Strawnana,Strawnana181219,,1.87%,12,0,1.47 g,1.31 g,10.87%,120,7 :44,1.47 g,,NA
01/01/19,1:56 PM,White papaya,Whitepapaya181219,,3.49%,12,0,1.57 g,1.34 g,12.49%,120,7:49,1.57 g,,NA
01/01/19,2:06 PM,Zkittles+Jelly Breath,Zkittles+Jelly Breath 181219,,2.66%,12,0,1.03 g,.91 g,11.66%,120,7:18,1.03 g,,NA
01/01/19,2:19 PM,One Trick Pony,Onetrickpony181218,,4.28%,13,0,1.53 g,1.22 g,13.28%,120,10:03,1.53 g,,NA
01/02/19,8:27 AM,TigerChampagne,TigerChampagne181211,,36.00%,18,4,1.1,0.93,9.86%,120,2:43,1.1,,
01/02/19,8:41 AM,WonkaBars,WonkaBars181211,,1%,18,4,1,0.89,10.50%,120,4:55,1,,
01/02/19,8:49 AM,It'sIt,It'sIt181211,,2.16%,18,4,1.13,0.87,11.66%,120,8:23,1.13,,
01/02/19,9:04 AM,Snowball,Snowball181211(F),,0.82%,13,9,0.88,0.81,11.82%,120,8:40,0.88,,
01/02/19,9:19 AM,BrassTacks,BrassTack181218,,2.12%,19,2,0.9,0.82,11.62%,120,6:30,0.91,,
01/02/19,9:37 AM,Guice,Guice181210,,0.51%,19,4,0.91,0.71,10.01%,120,3:03,0.91,,
01/02/19,9:58,LemonSkunk,LemonSkunk181218,,1.99%,15,NA,1.12,0.90,11.49%,120,9:59,1.12,,
01/02/19,10:12 AM,OneTrickPony,OneTrickPony181218,,2.66%,15,NA,1.37,1.17,12.16%,120,9:36,1.37,,
01/02/19,10:21 AM,TropicanaCookies,TropicanaCookies181219,,0.45%,14,NA,0.90,0.82,9.95%,120,3:40,0.90,,
01/02/19,10:38 AM,ManicFlavor,ManicFlavor181219,,2.12%,14,NA,0.79,0.61,11.62%,120,9:12,0.79,,
01/02/19,1:41 pm,Cannaradosi,Cannaradosi181211,,1.6,22,n/a,1.2,1.00,11.1,120,6:27,1.2,,
01/02/19,1:55 pm,Mumbles,Mumbles181218,,2.8,15,n/a,1.4,1.15,11.8,120,7:50,1.4,,
01/02/19,2:02 p,EmpireApples,EmpireApples181211,,0.7,22,n/a,1.1,0.97,9.7,120,3:29,1.1,,
01/02/19,2:40pm,PlatinumDosie,PlatinumDosie 181219,,2.2,14,n/a,1.77,1.54,11.29,120,11:06,1.77,,
01/02/19,2:54PM,BananaPuddintain,BananaPuddintain181219,,3.73%,14,n/a,1.79,1.46,12.73%,120,10:27,1.79,,
01/02/19,3:03PM,Strawnana,Strawnana181219,,2.91,14,n/a,1.71,1.44,11.91%,120,9:32,1.71,,
01/02/19,3:17PM,White papaya,Whitepapaya181219,,2.17,14,n/a,1.44,1.26,11.17,120,7:57,1.44,,
01/02/19,3:27PM,ForbiddenJelly,ForbiddenJelly181219,,1.89,14,n/a,1.36,1.14,10.89%,120,5:53,1.36,,
01/02/19,3:35PM,Papayauasca,Papayauasca 181219,,2.12,14,n/a,1.49,1.29,11.12,120,7:39,1.49,,
01/02/19,3:47PM,SourPapaya,SourPapaya 181219,,2.8,14,n/a,1.34,1.17,11.80,120,8:58,1.34,,
01/02/19,4:00PM,BrassTacks,BrassTacks 181219,,1.77,14,n/a,1.01,0.91,10.77%,120,4:25,1.01,,
01/02/19,4:13PM,Switchberry,Switchberry 181219,,3.09,14,n/a,1.81,1.62,12.09%,120,14:02,1.81,,
01/02/19,4:25PM,Jellybreath,Jellybreath 181219,,1.98,14,n/a,1.46,1.32,10.98%,120,7:10,1.46,,
01/02/19,4:34PM,Flavor Country,Flavor Country 181219,,2.86,14,n/a,1.62,1.46,11.86%,120,10:50,1.62,,
01/02/19,4:45PM,SophiesBreathPurplePunch,SophiesBreathPurplePunch 181220,,2.88,13,n/a,1.79,1.43,11.88%,120,8:27,1.79,,
01/02/19,5:00PM,Triple Platinum Candy,TriplePlatinumCandy 181220,,2.9,13,n/a,1.62,1.34,11.90%,120,10:04,1.62,,
01/03/19,8:39 AM,It'sIt,It'sIt181211,,1.63%,18,5,1.21,1.06,11.13%,120,6:28,1.21,,
01/03/19,8:47 AM,ScreamingEagle,ScreamingEagle181210,,0.00%,19,5,1.20,1.03,9.81%,120,6:22,1.20,,
01/03/19,8:56 AM,Cannaradosi,Cannaradosi181211,,73.00%,23,NA,1.07,0.97,10.23%,120,5:32,0.97,,
01/03/19,9:03 AM,MemberOG,MemberOG181211,,2.07,23,NA,1.22,1.03,11.57%,120,7:62,1.22,,
01/03/19,9:14 AM,UltraSourChemOG,UltraSourChemOG181211,,1.54%,23,NA,1.21,0.95,11.04%,120,6:04,1.21,,
01/03/19,9:20AM,EmpireApples,EmpireApples181211,,2.64,23,NA,0.95,0.80,11.64,120,4:58,0.95,,
01/03/19,9:31 AM,LemonSkunk,LemonSkunk181218,,3.07%,16,NA,1.25,1.10,12.57%,120,8:10,1.25,,
01/03/19,9:39 AM,OneTrickPony,OneTrickPony181218,,3.06%,16,NA,1.02,0.87,12.56%,120,7:55,1.02,,
01/03/19,9:43 AM,ForbiddenJelly,ForbiddenJelly181219,,1.07%,15,NA,1.34,1.23,10.57%,120,5:53,1.34,,
12/19/18,8:25,LemonSkunk,LemonSkunk181207,389,+2,12,NA,0.9,0.8,11,120,253 seconds,0.9,,
12/19/18,8:29 am,JillyBean,JillyBean181210,398,+1.7%,9,,1.01,0.83,10.79,120,205,1.01,,
12/19/18,8:37am,Cali Dragon,Cali Dragon181210,470,0.3,9,,1.2 g,1.1 g,9.3,120,4:54,1.1 g,,
12/20/18,8:11 AM,LEMON SKUNK,LEMONSKUNK181207,398,+2.6 %,0,1,1.01 G,0.97 G,11.6,120,328,1.01 G,,
12/20/18,11:12am,Guice,Guice 181210,470,2.8,10,,1 gram,.9 gram,11.8,120,5:28,.9 g,,
12/20/18,11:16 am,Screamin Eagle,Screamin Eagle 181210,470,5.10%,10,,1.2 gram,1 gram,14.1,120,8:11,1 gram,,
12/20/18,11:35 am,Its It,Its It 181211,470,3.30%,9,,1.1 gram,1 gram,12.3,120,5:46,1 gram,,
12/20/18,11:48am,Snowball,Snowball 181211,470,1.30%,9,,1.1 gram,1 gram,10.3,120,5:30,1 gram,,
12/20/18,12:00pm,Cannaradosi,Cannaradosi 181211,470,4.10%,9,,1.2 gram,.9 grams,13.1,120,7:45,.9 g,,
12/20/18,12:15 pm,Wonka Bars,Wonka Bars 181211,470,4.30%,9,,1.6 grams,1.4 grams,13.35,120,13:31,1.4 grams,,
12/20/18,1:11 pm,Tiger Champagne,Tiger Champagne 181211,470,1.10%,9,,1.1 grams,.9 g,10.1,120,3:59,.9 g,,
12/21/18,7:50 am,Lemon Skunk,LemonSkunk181207,389,0.00%,0,2,0.9,0.78,10.18,120,5:15,0.9,,
12/21/18,8:16,CaliDragon,CaliDragon181210F,389,0.00%,0,1,0.95,0.87,9.22,120,157,0.95,,
12/21/18,8:43,CaliDragon,CaliDragon181210T,389,0.00%,0,1,1.96,1.66,9.99,120,6:30,1.96,,
12/21/18,9.:03,TigerChampagne,TigerChampagne181211,389,1.44,10,,1.22,1.03,10.94,120,4:58,1.22,,
12/21/18,9:16,Snowball,Snowball181211,389,3%,10,,0.96,0.78,12.44,120,6:33,0.96,,
12/21/18,9:33,Guice,Guice181210,389,2%,11,,1.1,0.91,11.38,120,5:32,1.1,,
12/21/18,9:50 AM,SharkShock,SharkShock181210,389,1%,11,,0.88,0.78,10.38,120,3:03,0.88,,
12/21/18,10:42,JillyBean,JillyBean181210,389,1.36%,11,,0.98,0.89,10.86,120,3:53,0.98,,
12/21/18,10:55,ACDC,ACDC181210,389,2.11%,11,,0.9,0.75,11.61,120,3:33,0.9,,
12/21/18,11:08,NorthernLights,NorthernLights181210,389,1.25%,11,,1.64,1.4,10.75,120,5:25,1.64,,
12/21/18,11:22,Mumbles,Mumbles181218,389,11%,3,,1.06,0.82,20.44,120,6:56,1.06,,
12/21/18,11:37,MemberOG,MemberOG181211,389,3.05%,10,,1.48,1.18,12.55,120,8:39,1.48,,
12/21/18,11:49 AM,EmpireApples,EmpireApples181211,389,2.37,10,,1.72,1.44,11.87,120,6:39,1.72,,
12/21/18,12:10,UltraSourChemOG,UltraSourChemOG181211,389,1.37%,10,,1.08,0.92,10.87,120,4:24,1.08,,
12/21/18,1:20 PM,BrassTacks,BrassTacks181218,389,9.51%,3,,1.45,1.04,19.01,120,8:08,1.45,,
12/21/18,1:44 PM,LemonSkunk,LemonSkunk181218,389,10.75%,3,,1.22,0.84,20.25,120,6:17,1.22,,
12/21/18,2:03 PM,OneTrickPony,OneTrickPony181218,389,29.29%,3,,1.38,0.72,38.79,120,11:02,1.38,,
12/21/18,2:27 PM,ForbiddenJelly,ForbiddenJelly181219,389,27.18%,2,,1.78,0.98,36.68,120,11:02,2.34,,
12/21/18,2:52 PM,ManicFlavor,ManicFlavor181219,389,41.23%,2,,1.2,0.57,50.73,120,12:54,2.34,,
12/21/18,3:14 PM,TropicanaCookies,TropicanaCookies181219,389,52.57%,2,,2.03,0.76,61.67,120,13:04,2.03,,
12/21/18,3:35 PM,BananaPuddintain,BananaPuddintain181219,389,41.76%,2,,1.1,0.48,51.26,120,7:35,1.1,,
12/21/18,3:53 PM,PlatinumDosie181219,PlatinumDosie,389,44.06%,2,,1.12,0.47,53.56,120,9:25,1.12,,
12/22/18,8:33 AM,Lemon Skunk,Lemonskunk181207NCL,154,4%,12,3,0.9,0.76,13.20,120,4:24,.9 g,,
12/22/18,8:47 AM,Cali Dragon,CaliDragon181210F,154,1%,10,2,1 gram,.9 gram,10.4,120,4:04,1 gram,,
12/23/18,8:57 AM,CaliDragon,CaliDragon181210F,389,0%,,3,1 gram,0.85,9.39,120,4:18,1 gram,,
12/23/18,9:09 AM,CaliDragon,CaliDragon181210T,389,0%,,3,1.23,1.06,9.99,120,5:49,1.23,,
12/23/18,9:25 AM,TigerChampagne,TigerChampagne181211,389,1.31%,12,,1.05,0.92,10.81,120,4:02,1.05,,
12/23/18,9:36 AM,SharkShock,SharkShock181210,389,0.61%,13,,0.87,0.78,10.11,120,3:33,0.87,,
12/23/18,10:01 AM,NorthernLights,NorthernLights181210,389,0.00%,13,,1.00,0.91,9.42,120,3:28,1.00,,
12/23/18,10:15 AM,JillyBean,JillyBean181210,389,1.68%,13,,1.29,1.13,11.18,120,4:48,1.29,,
12/23/18,10:24 AM,ScreaminEagle,ScreamingEagle181210,389,1.45%,13,,1.69,1.42,10.95,120,6:25,1.69,,
12/23/18,10:33 AM,ACDC,ACDC181210,389,1.19%,13,,0.92,0.88,10.69,120,5:19,0.92,,
12/23/18,10:42 AM,Guice,Guice181210,389,3.35%,13,,1.03,0.86,12.85,120,6:34,1.03,,
12/23/18,10:51 AM,Snowball,Snowball181211,389,66.00%,12,,1.00,0.90,10.16,120,3:50,1.00,,
12/23/18,11:01 AM,It'sIt,It'sIt181211,389,1.63%,12,,1.1,1.00,11.13,120,6:06,1.1,,
12/23/18,11:16 AM,WonkaBars,WonkaBars181211,389,3.42%,12,,1.29,1.19,12.92,120,10:27,1.29,,
12/23/18,11:25,Cannaradosi,Cannaradosi181211,389,1.89%,12,,1.12,0.98,11.39,120,6:28,1.12,,
12/23/18,11:34 AM,MemberOG,MemberOG181211,389,1.22%,12,,0.73,0.65,10.72,120,3:14,0.73,,
12/23/18,11:44 AM,UltraSourChemOG,UltraSourChemOG181211,389,1.33%,12,,0.89,..80,10.83,120,4:34,0.89,,
12/23/18,11:48 AM,EmpireApples,EmpireApples181211,389,2.51,12,,0.98,0.80,12.01,120,4:07,0.98,,
12/24/18,8:06am,CaliDragon,CaliDragon181210F,470,1.5,10,4,1.2 g,1.1 g,11.0,120,7:09,1.1 g,,
12/24/18,8:20am,Cali Dragon,CaliDragon181210T,470,0,10,4,1.1 g,1 gram,8.78,120,3:51,1 gram,,
12/24/18,8:40,Snowball,Snowball181211,470,0,13,,1.3 g,,9.4,120,3:27,1.1 g,,
12/24/18,8:50am,Member OG,Member OG 181211,470,1.9,13,n/a,1 gram,.9 gram,10.9,120,4:35,.9 g,,
12/24/18,9:11am,Guice,Guice181210,470,2.5,14,n/a,1.1 g,.96 g,11.5,120,5:58,.96 g,,
12/24/18,9:20am,Ultra Sour Chem OG,UltraSourChemOG181211,470,3.0,13,n/a,1.2 gram,1.1 g,12.05,120,5:38,1.1 g,,
12/24/18,9:26am,TigerChampagne,TigerChampagne181211,470,1.2,13,n/a,1.1 g,1.1 g,10.2,120,3:58,1.1 g,,
12/24/18,1:26 pm,ACDC,ACDC181210,154,1%,14,0,1.56 g,1.39 g,10.17,120,6:10,Yes,,
12/26/18,7:51 AM,Snowball,Snowball181211,389,0,,2,0.90,0.83,9.75,120,3:38,0.90,,
12/26/18,8:07 AM,Snowball,Snowball181211(T),389,0,,2,1.00,0.93,9.29,120,3:44,1.00,,
12/26/18,8:20 AM,CaliDragon,CaliDragon181210T,389,0,10,6,1.00,0.93,9.14,120,2:58,1.00,,
12/26/18,8:29 AM,CaliDragon,CaliDragon181210F,389,0,10,6,0.93,0.82,9.18,120,3:37,0.93,,
12/26/18,8:39 AM,NorthernLights,NorthernLights181210(T),389,0,13,3,1.01,0.95,9.55,120,4:29,1.01,,
12/26/18,8:48 AM,NorthernLights,NorthernLights181210(F),389,0,13,3,1.05,0.90,9.82,120,4:26,1.05,,
12/26/18,8:58 AM,Guice,Guice181210,389,2.96%,16,,1.14,0.92,12.46,120,5:15,1.14,,
12/26/18,9:08 AM,JillyBean,JillyBean181210,389,1.53%,16,,1.15,1.02,11.03,120,4:49,1.15,,
12/26/18,9:18 AM,TigerChampagne,TigerChampagne181211,389,1.38,15,,1.46,1.26,10.88,120,6:04,1.46,,
12/26/18,9:31AM,ScreaminEagle,ScreamingEagle181210,389,1.97%,16,,1.59,1.35,11.47,120,7:19,1.59,,
12/26/18,9:43 AM,SharkShock,SharkShock181210,389,2.22,16,,1.54,1.28,11.72,120,7:25,1.54,,
12/26/18,9:56 AM,MemberOG,MemberOG181211,389,1.09,15,,1.1,0.83,10.59,120,4:13,1.1,,
12/26/18,10:12 AM,It'sIt,It'sIt181211,389,1.83%,15,,0.86,0.85,11.33,120,6:17,0.86,,
12/26/18,10:24 AM,WonkaBars,WonkaBars181211,389,2.26%,15,,1.03,0.82,11.76,120,6:00,1.03,,
12/26/18,10:34 AM,Cannaradosi,Cannaradosi181211,389,0.99%,15,,1.07,0.89,10.49,120,3:55,1.07,,
12/26/18,10:43AM,UltraSourChemOG,UltraSourChemOG181211,389,1.97%,15,,1.01,0.84,11.47,120,5:01,1.01,,
12/26/18,10:52 AM,EmpireApples,EmpireApples181211,389,2.28%,15,,0.92,0.76,11.78,120,4:12,0.92,,
12/26/18,3:00 PM,SharkShock,SharkShock181210,389,2.21%,13,,1.01,0.83,11.71,120,3:56,1.01,,
12/26/18,3:45 PM,ACDC,ACDC181210(T),389,0.00%,16,0,1.02,0.91,9.94,120,3:05,1.02,,
12/27/18,9:05am,Snowball,Snowball181211(T),470,0.00%,13,3,1 gram,.9 gram,6.4,120,2:59,1 gram,,
12/27/18,9:09 AM,Snowball,Snowball181211(F),470,8.7,13,3,1 gram,.9 gram,17.9,120,8:01,1 gram,,
12/27/18,9:17am,Snowball,Snowball181211(T),470,0,13,3,1 gram,.9 gram,9.59,120,5:06,1 gram,,
12/27/18,9:23am,Snowball,Snowball181211(F),470,2.3,13,3,1.1,0.88,11.3,120,6:24,1.1 g,,
12/27/18,9:38am,NorthernLights,NorthernLights181210(F),470,0.6,13,4,1.2 gram,1 gram,10.03,120,5:10,1.2,,
12/27/18,10:00am,Screamin Eagle,ScreamingEagle181210,470,2.9,17,n/a,1.4 g,1.28 g,11.9,120,7:53,1.4,,
12/27/18,10:13am,Guice,Guice181210,470,3.8,17,n/a,1,0.95,12.8,120,8:12,1.0,,
12/27/18,10:24am,SharkShock,SharkShock181210,470,2.5,17,n/a,1,0.89,11.5,120,4:50,1.0,,
12/27/18,10:32am,JillyBean,JillyBean181210,470,2.0,17,n/a,1.1,1.03,11.07,120,4:44,1.1,,
12/27/18,10:45am,Its It,Its It 181211,470,2.0,16,n/a,1.1,0.99,11.0,120,5:46,1.1,,
12/27/18,11:00am,Mumbles,Mumbles181218,470,3.6,9,n/a,1.1,1.01,12.6,120,7:57,1.1,,
12/27/18,11:08am,TigerChampagne,TigerChampagne181211,470,1%,16,n/a,1.3,1.1,10.4,120,5:26,1.3,,
12/27/18,11:20am,Wonka Bars,Wonka Bars 181211,470,2.7,16,n/a,1.2,1.08,11.73,120,5:57,1.2,,
12/27/18,,Cannaradosi,Cannaradosi 181211,470,2.2,16,n/a,1.2,1.1,11.2,120,6:02,1.2,,
12/27/18,11:40am,Member OG,Member OG 181211,470,1.6,16,n/a,1.1,0.92,10.6,120,4:56,1.1,,
12/27/18,11:50am,UltraSourChemOG,UltraSourChemOG181211,470,2.7,16,n/a,1.2,1,11.75,120,7:53,1.2,,
12/27/18,11:59am,EmpireApples,EmpireApples181211,,3.1,16,n/a,1.2,1.02,12.1,120,5:54,1.2,,
12/27/18,12:48pm,BrassTacks,BrassTacks181218,,2.8,9,n/a,1.0,0.91,11.8,120,6:26,1.0,,
12/27/18,1:16pm,OneTrickPony,OneTrickPony181218,,4.0,9,n/a,1.4,1.25,13.01,120,8:01,1.4,,
12/27/18,1:27pm,PlatinumDosie,PlatinumDosie 181219,,3.3,8,n/a,1.3,1.25,12.38,120,5:59,1.3,,
12/27/18,2:08pm,ForbiddenJelly,ForbiddenJelly181219,,3.1,8,n/a,1.4,1.2,12.1,120,8:07,1.4,,
12/27/18,2:20pm,Zkittles+Jelly Breath,Zkittles+Jelly Breath 181219,,3.2,8,n/a,1.3,1.1,12.2,120,8:35,1.3,,
12/27/18,1:57pm,Papayauasca,Papayauasca 181219,,6.3,8,n/a,1.8,1.5,15.3,120,10:20,1.8,,
12/27/18,2:30pm,BananaPuddintain,BananaPuddintain181219,,2.7,8,n/a,1.4,1.2,11.7,120,5:56,1.4,,
12/28/18,11:50 AM,CaliDragon,CaliDragon181210(F),,NA,10,8,1.0,NA,NA,NA,NA,1.0,,Bad Test. Sample Dropped on floor
12/28/18,11:00am,Its It,Its It 181211,,4.5,17,n/a,1.4,1.07,13.59,120,9:25,1.4,,
12/28/18,11:16 am,TigerChampagne,TigerChampagne181211,,1.8,17,n/a,1.1,1,10.8,120,3:12,1.1,,
12/28/18,11:42am,Member OG,Member OG 181211,,2.7,17,n/a,1.0,0.9,11.76,120,4:32,1.0,,
12/29/18,11:30 AM,CaliDragon,CaliDragon181210F,,0.0,10,9,.95 g,.86 g,10.80%,120,3:39,.95 g,,NA
12/29/18,11:40am,Snowball,Snowball181211(F),,0.40%,12,6,1.31 g,1.17,10.40%,120,5:43,1.31 g,,1 seed found in 1.31 g of material
12/29/18,11:55 AM,ACDC,ACDC181210 (F),,1.40%,16,3,1.12 g,.99 g,11.40%,120,5:04,1.12 g,,NA
12/29/18,12:07 pm,Screamin Eagle,ScreamingEagle181210,,0.00%,19,0,1.62,1.47 g,9.36%,120,7:00,1.62 g,,1 seed in 1.62 g
12/29/18,12:24 pm,TigerChampagne,TigerChampagne181211,,0.00%,19,0,1.2 g,1.11 g,9.89%,120,4 :47,1.2 g,,NA
12/30/18,11:32 AM,Jilly Bean,JillyBean181210,,1.50%,20,0,1.04g,.96 g,10.49%,120,4:48,1.04g,,NA
12/30/18,11:49 AM,Shark Shock,Sharkshock181210,,1%,20,0,1.35 g,1.26 g,10.05%,120,4 ;56,1.35 g,,NA
12/30/18,11:58 AM,Cannaradosi,Cannaradosi 181211,,2.34%,19,0,1.48 g,1.32 g,11.34,120,5:52,1.48 g,,7 Seeds in 1.5 grams / PM still visible on some material
12/30/18,12:07 pm,Mumbles,Mumbles181218,,2.63%,12,0,1.44 g,1.27 g,11.63%,120,7:17,1.44 g,,Some PM still visible on some of the batch
12/30/18,12:18 pm,Empire Apples,EmpireApples181211,,4%,19,0,1.68 g,1.45 g,13.04%,120,8:01,1.68 g,,PM still visible
12/30/18,12:27 pm,Member OG,Member OG 181211,,2.26%,19,0,1.55 g,1.4 g,11.26%,120,5:00,1.55 g,,
12/30/18,12:43 pm,Guice,Guice181210,,3.73%,20,0,1.35 g,1.17 g,12.73%,120,8:36,,,NA
12/30/18,12:50 PM,ACDC,ACDC181210(F),,0.79%,14,6,1.24 g,1.1,10.79%,120,6:17,1.24 g,,NA
12/31/17,7:55,ScreaminEagle,ScreamingEagle181210,,54.00%,19,2,1.2,1.05,10.04%,120,4:04,1.2,,
12/31/18,8:05 AM,SharkShock,SharkShock181210,,0.00%,19,2,1.1,1.01,9.42%,120,3:14,1.1,,
12/31/18,8:22 AM,It'sIt,It'sIt181211,,1.51%,18,2,1.35,1.21,11.01%,120,4:35,1.35,,
12/31/18,8:29 AM,WonkaBars,WonkaBars181211,,2.38%,18,2,1.1,0.95,11.88%,120,6:57,1.1,,Stopped test early. Bad reading on moisture
12/31/18,8:41 AM,JillyBean,JillyBean181210,,0.00%,19,2,0.96,0.84,9.07%,120,2:48,0.96,,
12/31/18,8:55 AM,WonkaBars,WonkaBars181211,,1.40%,18,2,1.27,1.08,10.90%,120,7:23,1.27,,
12/31/18,9:05 AM,Guice,Guice181210,,1.65%,19,2,1.12,0.92,11.15%,120,4:49,1.12,,
12/31/18,9:16 AM,ACDC,ACDC181210 (F),,0.00%,16,5,0.95,8.35,9.44%,120,2:41,0.95,,
12/31/18,9:27 AM,ACDC,ACDC181210(T),,0.00%,16,5,0.89,0.80,8.99%,120,2:51,0.89,,
12/31/18,9:41 AM,TigerChampagne,TigerChampagne181211,,0.87%,18,2,1.24,1.09,10.37%,120,6:26,1.24,,
12/31/18,9:56 AM,Snowball,Snowball181211(F),,10.00%,13,7,1.01,0.84,11.10%,120,6:49,0.84,,2 seeds in sample
12/31/18,10:09 AM,OneTrickPony,OneTrickPony181218,,3.70%,13,NA,1.16,0.88,13.20%,120,9:22,1.16,,May be a bad test. Stopped it early because the moisture % was jumping up and down.
12/31/18,10:25,BrassTacks,BrassTacks181218,,0.31%,13,NA,0.92,0.79,9.81%,120,3:22,0.92,,
12/31/18,10:37,TropicanaCookies,TropicanaCookies181219,,0.69%,12,NA,1.07,0.86,10.19%,120,5:49,1.07,,
12/31/18,10:49 AM,BananaPuddintain,BananaPuddintain181219,,75.00%,12,n/a,1.6,1.26,10.25%,120,5:57,1.6,,
12/31/18,10:58 am,StrawNana,StrawNana181219,,1.29%,12,n/a,1.42,1.18,10.79%,120,5:27,1.42,,
12/31/18,2:00 PM,NorthernLights,NorthernLights181210(F),,NA,13,8,0.34,0.34,NA,NA,NA,0.34,,Sample fell on ground
02/03/19,8:36 AM,BrassTacks,BrassTacks181218,,1.46%,13,3,1.06,0.96,10.96%,120,4:14,1.06,,
01/03/19,9:53 AM,BananaPuddintain,BananaPuddintain181219,,1.52%,15,NA,1.27,1.14,11.02%,120,5:55,1.27,,
01/03/19,10:01 AM,PlatinumDosie,PlatinumDosi181219,,2.46%,15,NA,1.56,1.36,11.96%,120,8:54,1.56,,
01/03/19,10:09 AM,Papayauccusca,Papayauccusca181219,,1.79%,15,NA,1.10,1.01,11.29%,120,7:15,1.10,,
01/03/19,10:17 AM,SourPapaya,SourPapaya181219,,1.91%,15,NA,0.99,0.87,11.41%,120,5:,0.99,,
01/03/19,10:28 AM,BrassTacks,BrassTacks181219,,2.20%,15,NA,0.87,0.77,11.70%,120,5:07,0.87,,
01/03/19,10:38AM,Mumbles,Mumbles181218,,1.63%,16,NA,0.82,0.75,11.13,120,5:24,0.82,,
01/03/19,10:42 AM,Switchberry,Switchberry181219,,2.60%,15,NA,0.96,0.74,12.10%,120,5:03,0.96,,
01/03/19,10:49 AM,JellyBreath,JellyBreath181219,,0.16%,15,NA,1.11,1.04,9.66%,120,4:05,1.11,,
01/03/19,10:58AM,Flavor Country,Flavor Country 181219,,2.25%,15,n/a,0.98,0.89,11.75%,120,7:30,0.98,,
01/03/19,11:04 AM,OrangeApricot,OrangeApricot181219,,3.13%,15,NA,0.82,0.76,12.63%,120,6:31,0.82,,
01/03/19,11:12 AM,Mumbles,ManicFlavor181219,,2.73%,15,n/a,1.23,1.06,12.23%,120,7:09,1.23,,
01/03/19,11:23 AM,StrawNana,StrawNana181219,,1.90%,15,NA,1.36,1.28,11.40%,120,9:52,1.36,,
01/03/19,11:31 AM,WhitePapaya,WhitePapaya181219,,1.62%,15,NA,0.97,0.92,11.12%,120,5:51,0.97,,
01/03/19,11:37 AM,SophiesBreathPurplePunch,SophiesBreathPurplePunch181220,,3.21,14,NA,1.43,1.39,12.71%,120,6:29,1.43,,
01/03/19,11:50 AM,TriplePlatinumCandy,TriplePlatinumCandy 181220,,2.73%,14,NA,1.33,1.14,12.23%,120,9:53,1.33,,
01/03/19,11:59AM,NorthernLights,NorthernLights181210(F),,1%,13,11,1.03,1.02,10.50%,120,6:41,1.03,,
01/03/19,12:57 PM,Snowball,Snowball181211,,0,13,10,0.92,0.82,10.05%,120,3:14,0.92,,
01/03/19,12:05,NorthernLights,NorthernLights181210(T),,0,13,11,1.00,0.90,10.96%,120,5:56,1.00,,
01/04/19,8:30 AM,LemonSkunk,LemonSkunk181218,,6.49,17,n/a,1.08,0.91,15.99,120,3:16,1.08,,Bad Test. Need to retest
01/04/19,8:40 AM,OneTrickPony,OneTrickPony181218,,0.2,17,n/a,0.83,0.72,9.7,120,3:40,0.83,,
01/04/19,8:41 AM,LemonSkunk,LemonSkunk181218,,1.2,17,n/a,1.00,0.88,10.7,120,4:18,1.00,,
01/04/19,8:43 AM,BrassTacks,BrassTacks181219,,1.89,16,n/a,0.93,0.80,11.39,120,5:02,0.93,,
01/04/19,8:58 AM,Papayauccusca,Papayauccusca181219,,2.38,16,n/a,1.33,1.11,11.88,120,8:37,1.33,,
01/04/19,9:01 AM,SourPapaya,SourPapaya181219,,2.18,16,n/a,1.02,0.80,11.68,120,5:37,1.02,,
01/04/19,9:06 AM,EmpireApples,EmpireApples181211,,0.40,24,n/a,0.88,0.74,9.9,120,3:33,0.88,,
01/04/19,9:09 AM,UltraSourChemOG,UltraSourChemOG181211,,1.24,24,n/a,0.91,0.75,10.74,120,5:30,0.91,,
01/04/19,9:18 AM,Member OG,MemberOG181211,,0.66,24,n/a,1.18,0.93,10.16,120,3:53,1.18,,
01/04/19,9:21,Cannaradosi,Cannaradosi181211,,1.05,24,n/a,0.83,0.72,10.55,120,3:42,0.83,,
01/04/19,9:37 AM,Mumbles,Mumbles181218,,1.95,17,n/a,0.89,0.77,11.45,120,6:05,0.89,,
01/04/19,9:40 AM,PlatinumDosie,PlatinumDosie 181219,,1.03,16,n/a,1.51,1.25,10.53,120,7:26,1.51,,
01/04/19,9:47 AM,Switchberry,Switchberry 181219,,1.97%,16,n/a,1.38,1.13,11.43%,120,8:42,1.38,,
01/04/19,10:24 AM,Flavor Country,Flavor Country 181219,,0,16,n/a,1.47,1.15,7.33,120,4:41,1.47,,
01/04/19,10:35 AM,PlatinumDosie,PlatinumDosie 181219,,0,16,n/a,1.21,1.02,7.58,120,5:31,1.21,,
01/04/19,10:46 AM,OrangeApricot,OrangeApricot181219,,0.1,16,n/a,1.15,0.97,9.60,120,7:28,1.15,,2 seeds found after grinding this sample
01/04/19,10:56 AM,Mumbles,Mumbles181219,,0,16,n/a,1.47,1.22,9.14,120,8:01,1.47,,1 seed found after grinding sample
01/04/19,11:08 AM,StrawNana,StrawNana181219,,0,16,n/a,1.51,1.35,8.20,120,6:57,1.51,,
01/04/19,11:30 AM,WhitePapaya,WhitePapaya181219,,0,16,n/a,1.49,1.19,8.99%,120,6:53,1.49,,
01/05/19,10:28,It'sIt,It'sIt181211,,0,18,7,1.21,1.11,9.01%,120,8:24,1.21,,
01/08/19,10:58AM,LEMON SKUNK,LEMONSKUNK181218,,0.68%,18,3,1.04,0.91,10.18%,120,7:56,1.04,,
01/08/19,11:07AM,Papayauasca,Papayauasca181219,,0,17,3,1.57,1.41,9.14,120,8:17,1.57,,
01/08/19,11:16AM,BrassTacks,BrassTacks181219,,0,17,3,0.99,0.95,9.23%,120,6:52,0.99,,
01/08/19,181219,Mumbles,Mumbles181219,,1.19%,17,3,0.99,0.97,10.69%,120,8:01,0.99,,
01/08/19,11:36AM,FlavorCountry,FlavorCountry181219,,0,17,3,1.19,1.05,8.24%,120,6:24,1.19,,
01/08/19,12:27PM,Sour Papaya,Sour Papaya 181219,,0,17,3,1.14,0.98,8.80%,120,7:55,1.14,,
01/08/19,12:37PM,White Papaya,White Papaya 181219,,0.53%,17,3,1.44,1.23,10.03%,120,7:59,1.44,,
01/08/19,12:47PM,SwitchBerry,SwitchBerry 181219,,0.05%,17,3,1.33,1.18,9.55%,120,6:08,1.33,,
01/08/19,12:52PM,Platinum Dosi,Platinum Dosi 181219,,0.00%,17,3,1.27,1.12,9.22%,120,7:18,1.27,,
01/08/19,1:08PM,Triple Platinum Candy,Triple Platinum Candy 181220,,0.36%,16,3,1.42,1.30,9.86%,120,6:36,1.42,,
01/08/19,1:15PM,SophiesBreath+PurplePunch,SophiesBreath+PurplePunch 181220,,0.36%,16,3,1.02,0.92,9.86%,120,5:17,1.02,,
01/09/19,7:47 AM,Zkittles+JellyBreath,Zkittles+JellyBreath181219,,-1.18,17,4,0.98,0.97,7.82,120,6:05,0.98,,
01/09/19,7:55,TropicanaCookies,TropicanaCookies181219,,-0.31,17,4,0.85,0.74,8.69,120,4:57,0.85,,
01/09/19,8:00,JillyBean,JillyBean181210,,0,19,11,0.90,0.83,9.19,120,6:28,0.90,,
01/09/19,8:10,ScreamingEagle,ScreamingEagle181210,,-0.25,19,11,1.12,1.01,8.75,120,6:51,1.12,,
01/09/19,8:18,WonkaBars,WonkaBars181211,,0,18,11,0.96,0.80,9.08,120,6:57,0.96,,
01/09/19,8:27,TigerChampagne,TigerChampagne181211,,-0.96,18,11,0.97,0.90,8.04,120,5:17,0.90,,
01/09/19,8:35,BeachWedding,BeachWedding181219,,NA,17,4,1.00,NA,NA,120,NA,1.00,,Error with Moisture Test. Test cancelled
01/09/19,8:56,BrassTacks,BrassTacks181218,,-0.36,13,9,1.07,0.98,8.64,120,6:00,1.07,,
01/09/19,9:04,FlavorCountry,FlavorCountry181219,,0,17,4,1.12,0.97,9.01,120,7:13,1.12,,
01/09/19,9:13,OneTrickPony,OneTrickPony181218,,-0.26,17,5,1.08,0.95,8.74,120,6:31,1.08,,
01/09/19,9:21,JellyBreath,JillyBean181210,,-0.7,24,6,1.33,1.20,8.3,120,8:15,1.33,,
01/09/19,9:21,SharkShock,SharkShock181210,,0,19,11,1.24,1.09,9.87,120,8:03,1.24,,
01/09/19,9:42,SnowBall,SnowBall181211,,-0.42,13,16,1.21,1.01,8.58,120,5:50,1.21,,
01/09/19,9:49,Guice,Guice181210,,0,19,11,0.92,0.82,9.56,120,7:05,0.92,,
01/09/19,10:18,ForbiddenJelly,ForbiddenJelly181219,,-1.3,15,6,1.28,1.19,7.70,120,6:35,1.28,,
01/09/19,10:06,ManicFlavor,ManicFlavor181219,,-0.83,15,6,1.13,0.98,8.17,120,6:45,1.13,,
01/09/19,10:15,StrawNana,StrawNana181219,,-0.19,17,4,1.09,0.92,8.81,120,7:16,1.09,,
01/09/19,10:28,BananaPuddinTain,BananaPuddinTain181219,,1.56,17,4,2.17,0.79,7.44,120,5:34,2.17,,
01/09/19,10:36,OrangeApricot,OrangeApricot181219,,0,17,4,1.97,0.81,9.29,120,6:49,1.97,,
01/09/19,10:46,EmpireApples,EmpireApples181211,,-0.07,24,5,1.03,0.91,8.93,120,6:24,1.03,,
01/09/19,10:55,UltraSourChemOG,UltraSourChemOG181211,,-0.14,24,5,0.98,0.87,8.86,120,5:28,0.98,,
01/09/19,11:15,BeachWedding,BeachWedding181219,,-1.62,17,4,1.03,0.94,7.38,120,5:56,1.03,,
01/09/19,11:25AM,Purple Apollo,Purple Apollo 190701,,54.51%,2,N/A,1.55,0.47,64.01%,120,24:34,1.55,,Possible Moisture Test Error
01/09/19,11:54AM,SharkShock,SharkShock 190701,,46.18%,2,N/A,1.36,0.49,55.68%,120,14:12,1.36,,
01/09/19,1:36PM,ACDC,ACDC 190107,,32.85%,2,N/A,0.94,0.44,42.35%,120,10:47,0.94,,
01/09/19,1:50PM,Locomotion,Locomotion 190107,,31.85%,2,N/A,0.79,0.44,41.79%,120,12:37,0.79,,
01/09/19,Qush,Qush,Qush 190107,,18.76%,2,N/A,1.17,0.63,41.15%,120,14:18,1.17,,
01/09/19,2:19PM,Northern Lights,Northern Lights 190107,,18.76%,2,N/A,0.88,0.56,28.26%,120,10:36,0.88,,
01/09/19,2:32PM,Grape Lime Ricky,Grape Lime Ricky 190107,,24.78%,2,N/A,1.20,0.80,34.28%,120,11:45,1.20,,
01/09/19,2:46PM,Guice,Guice 190107,,34.61%,2,N/A,0.89,0.40,44.11,120,15:06,0.89,,
01/09/19,3:03PM,Jilly Bean,Jilly Bean 190107,,18.50%,2,N/A,0.97,0.45,28%,120,27:00,0.97,,Possible error. Moisture reading bouncing around.
01/09/19,3:36PM,Chem OG,Chem OG 190107,,+27.81,2,N/A,1.07,0.54,37.31,120,14:04,1.07,,
01/09/19,3:54PM,Purple Apollo,Purple Apollo 190701,,23.49,2,N/A,1.41,0.79,32.99,120,14:34,1.41,,2nd test run. Error running 1st test sample at 11:25 AM
01/10/19,7:45 AM,Purple Apollo,Purple Apollo 190107,,39.45%,3,N/A,1.32,0.63,48.95%,120,22:41,1.32,,
01/10/19,8:10 AM,Shark Shock,SharkShock190107,,20.58%,3,N/A,0.86,0.58,30.08%,120,12:05,0.86,,
01/10/19,8:25 AM,ACDC,ACDC190107,,47.36%,3,N/A,1.39,0.54,56.86%,120,21:19,1.39,,
01/10/19,8:48 AM,Locomotion #1,Locomotion #1 190107,,21.52%,3,N/A,0.98,0.60,31.02%,120,12:26,0.98,,
01/10/19,9:02 AM,Qush#12,Qush#12 190107,,17.71%,3,N/A,1.20,0.78,27.21%,120,12:17,1.20,,
01/10/19,9:17 AM,NorthernLights,NorthernLights190107,,13.41%,3,N/A,1.01,0.74,22.91%,120,11:10,1.01,,
01/10/19,9:29 AM,GrapeLimeRicky,GrapeLimeRicky190107,,26.62%,3,N/A,0.91,0.54,36.12%,120,12:13,0.91,,
01/10/19,9:42 AM,Guice,Guice190107,,19.55%,3,N/A,0.99,0.65,29.05%,120,12:33,0.99,,
01/10/19,9:57 AM,JillyBean,JillyBean190107,,11.03%,3,N/A,0.81,0.57,20.53%,120,8:07,0.81,,
01/10/19,10:06 AM,CHEM OG,CHEM OG 190107,,15.23%,3,N/A,0.95,0.62,24.73%,120,12:26,0.95,,
01/10/19,12:54 PM,Papayauasca,Papayauasca190107,,0.00%,3,N/A,0.98,0.91,8.86%,120,8:07,0.98,,
01/10/19,1:06 PM,OrangeApricot,OrangeApricot181219,,0.00%,3,N/A,0.87,0.81,9.11%,120,6:26,0.87,,4 seeds were found after grinding sample.
01/10/19,1:13 PM,TropicanaCookies,TropicanaCookies181219,,-0.21%,17,5,0.89,0.78,8.39%,120,4:29,0.89,,
01/10/19,1:22 PM,BananaPuddintain,BananaPuddintain181219,,-0.95%,17,5,0.86,0.79,7.55%,120,6:15,0.86,,
01/10/19,1:30 PM,StrawNana,StrawNana181219,,-0.76%,17,5,0.98,0.90,7.74%,120,7:39,0.98,,
01/10/19,1:38 PM,ForbiddenJelly,ForbiddenJelly181219,,0.00%,17,5,0.94,0.88,8.51%,120,5:46,0.94,,
01/10/19,1:46 PM,Flavor Country,Flavor Country 181219,,-0.33%,17,5,0.96,0.90,8.17%,120,7:21,0.96,,
01/10/19,1:55 PM,ManicFlavor,ManicFlavor181219,,-0.23%,17,5,1.16,1.06,8.27%,120,8:06,1.16,,
01/10/19,2:06 PM,JellyBreath,JellyBreath181219,,-1.24%,17,5,1.01,0.99,7.26%,120,5:35,1.01,,
01/10/19,2:13 PM,Zkittles+Jelly Breath,Zkittles+Jelly Breath 181219,,0.00%,17,5,0.96,0.86,9.18%,120,5:35,0.96,,
01/10/19,2:29 pm,BeachWedding,BeachWedding181219,,-1.51%,17,5,1.01,0.90,6.99%,120,7:12,1.01,,
01/10/19,2:41 PM,WonkaBars,WonkaBars181211,,-0.93%,18,13,1.23,1.14,7.57%,120,5:45,1.23,,
01/10/19,2:47 PM,BrassTacks,BrassTacks181218,,0.41%,13,11,0.97,0.81,9.91%,120,6:05,0.97,,
01/11/19,8:30 AM,Purple Apollo,Purple Apollo 190107,,24%,4,N/A,0.81,0.52,33.50%,120,14:21,0.81,,
01/11/19,8:48 AM,SharkShock,SharkShock190107,,4.98%,4,N/A,1.07,0.86,14.48%,120,7:42,1.07,,
01/11/19,8:56 AM,ACDC,ACDC190107,,2.73%,4,N/A,0.87,0.68,12.23%,120,5:49,0.87,,
01/11/19,9:05 AM,Locomotion #1,Locomotion #1 190107,,7.22%,4,N/A,1.17,0.96,16.72%,120,11:15,1.17,,
01/11/19,9:17 AM,Qush#12,Qush#12 190107,,8.79%,4,N/A,1.12,0.83,18.29%,120,8:34,1.12,,
01/11/19,9:28 AM,NorthernLights,NorthernLights190107,,8.85%,4,N/A,1.09,0.79,18.35%,120,9:04,1.09,,
01/11/19,9:39 AM,GrapeLimeRicky,GrapeLimeRicky190107,,3.20%,4,N/A,1.01,0.86,12.70,120,7:04,1.01,,
01/11/19,9:47 AM,Guice,Guice190107,,13.12%,4,N/A,0.84,0.62,22.62%,120,11:28,0.84,,
01/11/19,9:59 AM,JillyBean,JillyBean190107,,2.50%,4,N/A,0.96,0.81,12.00,120,7:02,0.96,,
01/11/19,10:08 AM,CHEM OG,CHEM OG 190107,,14.57%,4,N/A,1.24,0.86,24.07%,120,13:46,1.24,,
01/11/19,10:55 AM,UltraSourChemOG,UltraSourChemOG181211,,-1.40%,24,7,1.25,1.11,7.60%,120,5:53,1.25,,
01/11/19,11:02 AM,EmpireApples,EmpireApples181211,,-2.93%,24,7,1.13,1.05,6.07%,120,8:09,1.13,,
01/11/19,11:13 AM,SourPapaya,SourPapaya181219,,-1.14%,17,6,1.01,0.92,7.86%,120,5:20,1.01,,1 seed found after grinding sample
01/11/19,11:23 AM,SophiesBreathPurplePunch,SophiesBreathPurplePunch181220,,0.00%,16,6,1.57,1.40,9.60%,120,9:18,1.57,,
01/11/19,1:01 PM,JillyBean,JillyBean190107,,2.60%,4,N/A,1.09,0.97,12.10%,120,9:50,1.09,,
01/11/19,1:13 PM,GrapeLimeRicky,GrapeLimeRicky190107,,5.63%,4,N/A,1.11,0.91,15.13%,120,8:00,1.11,,
01/11/19,1:24 PM,ACDC,ACDC190107,,11.76%,4,N/A,1.21,0.92,21.26%,120,9:58,1.21,,
01/11/19,1:41 PM,JillyBean,JillyBean190107,,6.24%,4,N/A,1.14,0.90,15.74%,120,9:44,1.14,,
01/14/19,7:47 AM,Purple Apollo,Purple Apollo 190107,,0.72%,7,N/A,1.08,1.03,10.22%,120,9:03,1.08,,
01/14/19,7:57 AM,SharkShock,SharkShock190107,,1.24%,7,N/A,0.97,0.79,10.74%,120,5:16,0.97,,
01/14/19,8:04 AM,ACDC,ACDC190107,,1.23%,7,N/A,1.13,0.99,10.73%,120,7:08,1.13,,
01/14/19,8:12 AM,Locomotion #1,Locomotion #1 190107,,0.77%,7,N/A,1.18,0.99,10.27%,120,7:02,1.18,,
01/14/19,8:20 AM,Qush#12,Qush#12 190107,,2.62%,7,N/A,1.11,0.95,12.12,120,7:50,1.11,,
01/14/19,8:29 AM,NorthernLights,NorthernLights190107,,0.36%,7,N/A,1.03,0.85,9.86%,120,6:08,1.03,,
01/14/19,8:36 AM,GrapeLimeRicky,GrapeLimeRicky190107,,0.48%,7,N/A,0.90,0.78,9.98%,120,6:02,0.90,,
01/14/19,8:44 AM,Guice,Guice190107,,0.68%,7,N/A,1.14,0.93,10.18%,120,7:28,1.14,,
01/14/19,8:53 AM,JillyBean,JillyBean190107,,0.64%,7,N/A,1.02,0.93,10.14%,120,7:01,1.02,,
01/14/19,9:01 AM,CHEM OG,CHEM OG 190107,,0.32%,7,N/A,1.35,1.13,9.82%,120,9:02,1.35,,
01/15/19,10:41 AM,Purple Apollo,Purple Apollo 190107,,1.13%,8,N/A,1.01,0.83,10.63%,120,8:07,1.01,,
01/15/19,10:51 AM,Shark Shock,SharkShock190107,,1.11%,8,N/A,1.32,1.07,10.61%,120,7:01,1.32,,
01/15/19,3:07 PM,ACDC,ACDC190107,,1.43%,8,N/A,0.75,0.72,10.93%,120,6:41,0.75,,
01/15/19,3:15 PM,Locomotion #1,Locomotion #1 190107,,1.54%,8,N/A,0.91,0.71,11.04%,120,6:58,0.91,,
01/15/19,3:28 PM,Qush#12,Qush#12 190107,,0.17%,8,N/A,1.15,1.03,9.67%,120,7:31,1.15,,
01/15/19,3:38 PM,Guice,Guice190107,,0.50%,8,N/A,1.07,0.89,10%,120,7:19,1.07,,
01/15/19,3:47 PM,Jilly Bean,JillyBean190107,,0.00%,8,N/A,1.05,0.97,9.20%,120,6:19,0.97,,
01/16/19,1:15 PM,Purple Apollo,Purple Apollo 190107,,87.00%,9,N/A,1.11,0.98,10.37,120,9:11,1.11,,
01/16/19,1:28 PM,SharkShock,SharkShock190107,,2.67,9,N/A,1.03,0.80,12.17,120,6:00,1.03,,
01/16/19,1:36 PM,ACDC,ACDC190107,,0.92,9,N/A,0.87,0.69,10.42,120,4:36,0.87,,
01/16/19,1:41 PM,Locomotion #1,Locomotion #1 190107,,1.18,9,N/A,1.25,0.98,10.68,120,7:47,1.25,,
01/16/19,1:52 PM,Qush#12,Qush#12 190107,,0.00,9,N/A,1.03,0.92,8.59,120,5:00,1.03,,
01/16/19,1:59 PM,Guice,Guice190107,,0.29,9,N/A,0.99,0.80,9.79,120,6:49,0.99,,
01/16/19,2:08 PM,JillyBean,JillyBean190107,,1.33,9,N/A,1.09,0.87,10.83,120,7:42,1.09,,
01/16/19,3:55 PM,BananaPuddintain,BananaPuddintain181219,,-0.76,17,11,0.83,0.66,8.24,120,5:05,0.83,,
01/16/19,4:05 PM,TropicanaCookies,TropicanaCookies181219,,0.00,17,11,0.98,0.89,9.18,120,5:28 PM,0.98,,
01/16/19,4:15 PM,WhitePapaya,WhitePapaya181219,,-0.64,17,11,1.27,1.05,8.36,120,6:39,1.27,,"gasket seal was missing on the flower bin lid. 
1 seed was found after grinding sample."
01/16/19,4:24 PM,JellyBreath,JellyBreath181219,,-0.20,15,13,1.09,0.98,8.80,120,6:28,1.09,,
01/16/19,4:32 PM,ManicFlavor,ManicFlavor181219,,-0.81,17,11,1.11,1.03,8.19,120,5:40,1.11,,
01/16/19,4:38 PM,BrassTacks,BrassTacks181218,,0.00,13,16,1.09,0.97,9.06,120,7:20,1.09,,
01/17/19,10:02 AM,Purple Apollo,Purple Apollo 190107,,0.22,10,N/A,0.97,0.87,9.72,120,9:36,0.97,,
01/17/19,10:14 AM,SharkShock,SharkShock190107,,0.00,10,N/A,1.09,0.98,8.52,120,6:09,1.09,,
01/17/19,10:26 AM,ACDC,ACDC190107,,0.00,10,N/A,0.94,0.83,9.35,120,4:39,0.94,,
01/17/19,10:35 AM,Locomotion #1,Locomotion #1 190107,,0.00,10,N/A,1.10,0.97,9.16,120,6:22,1.10,,
01/17/19,10:45 AM,JillyBean,JillyBean190107,,0.17%,10,N/A,1.06,0.94,9.06,120,6:25,1.06,,
01/18/19,7:50 AM,Purple Apollo,Purple Apollo 190107,,0,10,1,1.07,0.97,9.29,120,8:56,1.07,,
01/18/19,8:01 AM,CHEM OG,CHEM OG 190107,,1.48,10,1,0.95,0.85,10.98,120,7:07,0.95,,
01/18/19,8:10 AM,Locomotion #1,Locomotion #1 190107,,27.03,10,1,1.34,0.84,36.53,120,15:27,1.34,,moisture percentage reading jumping. re run this test
01/18/19,8:33 AM,ACDC,ACDC190107,,0.00,10,1,1.07,0.92,9.24,120,8:25,1.07,,
01/18/19,8:43 AM,SharkShock,SharkShock190107,,0.00,10,1,1.33,1.14,9.39,120,7:18,1.33,,
01/18/19,8:52 AM,Locomotion #1,Locomotion #1 190107,,0.00,10,1,0.86,0.78,9.32,120,4:53,0.86,,This was re run of Locomotion#1  190107 from 8:10 AM
01/18/19,9:04 AM,JillyBean,JillyBean190107,,-0.21,10,1,1.09,0.99,8.29,120,6:00,1.09,,"smells delicious ~ nice terps !
ready for final trim"
01/18/19,9:14 AM,Guice,Guice190107,,0.71,9,2,1.47,1.13,10.21,120,6:05,1.47,,
01/18/19,9:37 AM,GrapeLimeRicky,GrapeLimeRicky190107,,1.20,7,4,1.59,1.36,10.70,120,9:58,1.59,,
01/23/19,7:42 AM,ACDC,ACDC190107,,0.00,10,6,0.97,0.87,9.49,120,6:42,0.97,,
01/23/19,7:52 AM,SharkShock,SharkShock190107,,-0.32,10,6,1.44,1.33,8.68,120,7:29,1.44,,
01/23/19,8:03 AM,Qush#12,Qush#12 190107,,0.00,9,7,0.89,0.79,9.71,120,6:03,0.89,,
01/23/19,8:12 AM,CHEM OG,CHEM OG 190107,,-0.91,7,9,0.87,0.85,8.09,120,5:25,0.87,,
01/23/19,8:19 AM,Guice,Guice190107,,0.00,9,7,1.01,0.88,9.49,120,8:38,1.01,,
01/23/19,8:29 AM,NorthernLights,NorthernLights190107,,-0.72,7,9,0.96,0.88,8.28,120,5:01,0.96,,
01/23/19,8:37 AM,Purple Apollo,Purple Apollo 190107,,-0.34,10,6,0.98,0.89,8.66,120,6:27,0.98,,
01/23/19,8:44 AM,GrapeLimeRicky,GrapeLimeRicky190107,,-0.11,7,9,0.81,0.77,8.89,120,4:48,0.81,,
01/23/19,8:53 AM,Locomotion #1,Locomotion #1 190107,,0.00,10,6,1.23,1.12,9.07,120,8:43,1.23,,
01/23/19,9:03 AM,JillyBean,JillyBean190107,,-0.21,10,6,0.92,0.84,8.79,120,4:45,0.92,,
01/23/19,9:15 AM,BeachWedding,BeachWedding190121,,20.18,2,n/a,0.87,0.61,29.68,120,13:18,0.87,,
01/23/19,9:31 AM,WonkaBars,WonkaBars190121,,12.61,2,n/a,1.65,1.26,22.11,120,8:11,1.65,,
01/23/19,9:57 AM,TigerChampagne,TigerChampagne190121,,34.66,2,n/a,1.29,0.70,44.16,120,18.:06,1.29,,
01/23/19,10:33 AM,UltraSourChemOG,UltraSourChemOG190121,,33.46,2,n/a,1.25,0.71,42.96,120,23:09,1.25,,
01/23/19,10:58 AM,Snowball,Snowball190121,,27.08,2,n/a,1.48,0.85,36.58,120,17:27,1.48,,
01/23/19,11:21 AM,ScreaminEagle,ScreamingEagle190121,,42.53,2,n/a,1.21,0.72,52.03,120,13.42,1.21,,stopped test. moisture % jumping 48-54. re test screamin eagle
01/23/19,11:40 AM,ScreaminEagle,ScreaminEagle190121,,41.48,2,n/a,1.59,0.77,50.98,120,22:19,1.59,,
01/23/19,1:16 PM,MemberOG,MemberOG190121,,20.00,2,n/a,0.95,0.66,29.50,120,12:30,0.95,,
01/23/19,1:39 PM,EmpireApples,EmpireApples190121,,41.48,2,N,1.69,0.82,51.07,120,25:50,1.69,,
01/23/19,2:08 PM,Its It,Its It 190121,,24.24,2,n/a,1.16,0.76,33.74,120,10:48,1.16,,
01/23/19,2:22 PM,CaliDragon,CaliDragon190121,,18.74,2,n/a,1.35,0.92,28.24,120,13:15,1.35,,
01/23/19,2:35 PM,Mumbles,Mumbles181218,,-0.06,18,18,0.94,0.86,8.94,120,5:22,0.94,,
01/23/19,2:43 PM,Cannaradosi,Cannaradosi181211,,-0.10,25,18,1.10,1.01,8.90,120,6:21,1.10,,
01/24/19,7:52 AM,BeachWedding,BeachWedding190121,,12.04,3,n/a,1.44,1.17,21.54,120,11:58,1.44,,
01/24/19,8:06 AM,WonkaBars,WonkaBars190121,,19.80,3,n/a,1.63,1.07,29.30,120,12:30,1.63,,
01/24/19,8:20 AM,UltraSourChemOG,UltraSourChemOG190121,,5.73,3,n/a,1.09,0.89,15.23,120,8:53,1.09,,
01/24/19,8:36 AM,TigerChampagne,TigerChampagne190121,,15.02,3,n/a,1.12,0.82,24.52,120,11:02,1.12,,
01/24/19,8:49 AM,Snowball,Snowball190121,,8.16,3,n/a,1.22,0.95,17.66,120,8:31,1.22,,
01/24/19,8:59 AM,ScreaminEagle,ScreaminEagle190121,,15.58,3,n/a,1.27,0.97,25.08,120,8:56,1.27,,
01/24/19,9:09 AM,MemberOG,MemberOG190121,,15.39,3,n/a,0.99,0.71,24.89,120,9:49,0.99,,
01/24/19,9:20 AM,EmpireApples,EmpireApples190121,,15.38,3,n/a,0.82,0.61,24.88,120,9:30,0.82,,
01/24/19,9:31 AM,Its It,Its It 190121,,22.91,3,n/a,1.14,0.75,32.41,120,12:43,1.14,,
01/24/19,9:45 AM,CaliDragon,CaliDragon190121,,7.65,3,n/a,0.96,0.73,17.15,120,7:53,0.96,,
01/24/19,10:39 AM,Purple Apollo,Purple Apollo 190107,,-1.13,10,7,0.97,0.81,7.87,120,6:00,0.97,,
01/24/19,10:47 AM,GrapeLimeRicky,GrapeLimeRicky190107,,-0.39,7,10,0.88,0.80,8.61,120,5:33,0.88,,
01/24/19,10:56 AM,Qush#12,Qush#12 190107,,-0.70,9,8,0.99,0.98,8.30,120,6:44,0.99,,
01/25/19,8:05 AM,BeachWedding,BeachWedding190121,,5.62,4,N/A,1.12,0.90,15.12,120,10:21,1.12,,
01/25/19,8:17 AM,WonkaBars,WonkaBars190121,,0.00,4,n/a,1.51,1.38,8.85,120,7:30,1.51,,
01/25/19,8:27 AM,UltraSourChemOG,UltraSourChemOG190121,,3.78,4,n/a,0.97,0.81,13.28,120,8:35,0.97,,
01/25/19,9:53 AM,TigerChampagne,TigerChampagne190121,,2.13,4,n/a,1.12,0.97,11.63,120,9:21,1.12,,
01/25/19,10:03 AM,Snowball,Snowball190121,,2.80,4,n/a,1.19,1.02,12.30,120,7:30,1.19,,
01/25/19,10:12 AM,ScreaminEagle,ScreaminEagle190121,,7.01,4,n/a,1.16,0.91,16.51,120,7:47,1.16,,
01/25/19,10:20 AM,MemberOG,MemberOG190121,,1.58,4,n/a,1.15,0.99,11.08,120,6:44,1.15,,
01/25/19,10:32 AM,EmpireApples,EmpireApples190121,,10.80,4,n/a,1.17,0.96,20.30,120,10:50,1.17,,
01/25/19,10:40 AM,Its It,Its It 190121,,11.0,4,n/a,1.19,1.07,20.50,120,18:00,1.19,,error. moisture % jumping 18 - 21. re-run Its It test w new sample
01/25/19,10:58 AM,CaliDragon,CaliDragon190121,,3.18,4,n/a,1.33,1.16,12.68,120,7:27,1.33,,
01/25/19,11:09 AM,Its It,Its It 190121,,15.53,4,n/a,1.49,1.07,25.03,120,12:08,1.49,,
01/28/19,7:30 AM,MemberOG,MemberOG190121,,-0.26,7,n/a,0.88,0.77,8.24,120,5:28,0.88,,ready for trim
01/28/19,7:37 AM,TigerChampagne,TigerChampagne190121,,0.00,7,n/a,0.99,0.89,9.08,120,5:04,0.99,,ready for trim
01/28/19,7:44 AM,CaliDragon,CaliDragon190121,,-0.54,7,n/a,1.67,1.60,7.96,120,7:57,1.67,,ready for totes & trim
01/28/19,7:53 AM,Its It,Its It 190121,,0.26,7,n/a,0.82,0.80,9.76,120,5:40,0.82,,
01/28/19,7:59 AM,UltraSourChemOG,UltraSourChemOG190121,,0.00,7,n/a,1.18,0.97,9.12,120,5:47,1.18,,ready for trim
01/28/19,8:06 AM,WonkaBars,WonkaBars190121,,-1.27,7,n/a,1.57,1.48,7.23,120,6:29,1.57,,ready for totes & trim
01/28/19,8:13 AM,BeachWedding,BeachWedding190121,,-0.68,7,n/a,1.31,1.24,7.82,120,6:38,1.31,,ready for totes & trim
01/28/19,8:21 AM,Snowball,Snowball190121,,0.00,7,n/a,1.10,0.95,8.70,120,6:08,1.10,,ready for trim
01/28/19,8:28 AM,ScreaminEagle,ScreaminEagle190121,,0.00,7,n/a,1.33,1.17,8.75,120,6:08,1.33,,ready for trim
01/30/19,7:45 AM,ScreaminEagle,ScreaminEagle190121,,-0.01,7,2,1.10,0.98,8.99,120,6:37,1.10,,
01/30/19,7:53 AM,EmpireApples,EmpireApples190121,,-0.02,7,2,0.94,0.82,8.98,120,5:15,0.94,,
01/30/19,8:00 AM,Its It,Its It 190121,,0.00,7,2,1.28,1.11,10.59,120,7:25,1.28,,
01/30/19,8:08 AM,Snowball,Snowball190121,,-0.55,7,2,0.97,0.87,8.45,120,5:40,0.97,,
01/30/19,8:15 AM,BeachWedding,BeachWedding190121,,-0.30,7,2,1.17,1.00,8.70,120,6:10,1.17,,
01/30/19,8:23 AM,WonkaBars,WonkaBars190121,,-0.89,7,2,1.28,1.20,8.11,120,6:55,1.28,,
01/30/19,8:32 AM,TigerChampagne,TigerChampagne190121,,-3.5,7,2,1.05,0.94,5.5,120,16:25,1.05,,error. moisture reading jumping during test. re run new sample
01/30/19,8:49 AM,UltraSourChemOG,UltraSourChemOG190121,,-17.82,7,2,1.12,0.99,-8.82,120,7:20,1.12,,error. negative moisture reading. re run new sample
01/30/19,9:00 AM,MemberOG,MemberOG190121,,-0.44,7,2,1.29,1.19,8.56,120,7:47,1.29,,
01/30/19,9:10 AM,UltraSourChemOG,UltraSourChemOG190121,,1.57,7,2,1.08,0.93,12.57,120,6:11,1.08,,
01/30/19,9:17 AM,TigerChampagne,TigerChampagne190121,,0,7,2,0.91,0.85,9.38,120,5:23,0.91,,
01/30/19,9:24 AM,CaliDragon,CaliDragon190121,,-0.88,7,2,1.49,1.34,8.12,120,7:17,1.49,,
01/30/19,9:47 AM,BananaPuddintain,BananaPuddintain181219,,-1.42,17,25,1.23,1.15,7.58,120,7:20,1.23,,
01/30/19,9:56 AM,BrassTacks,BrassTacks181219,,-0.22,17,25,1.21,1.12,8.78,120,6:58,1.21,,
